,RMSD,,,,,SCORE,,,,,chi1,,chi2,,,,,,,,
,PDB rotamers,rotlib,delta,,,PDB rotamers,rotlib,delta,,,PDB rotamers,rotlib,PDB rotamers,rotlib,deviation_chi1,deviation_chi2,delta,,,,
4GES-0WZ,1.974,4.595,-2.621,,3FCA-HQA,-470.432,-360.394,-110.038,,4GES-0WZ,7.445,126.235,8.752,160.661,-118.79,-151.909,-128.7257,,,,
5MZ7-AZH,0.403,2.12,-1.717,,4S0I-BIF,-30.847,2.637,-30.847,,4RV3-PF5,15.159,116.398,10.528,123.813,-101.239,-113.285,-104.8528,,,,
1A3T-EFC,1.074,2.552,-1.478,,4RV3-PF5,-409.579,-387.36,-22.219,,5LKY-P9S,28.089,123.491,25.805,131.618,-95.402,-105.813,-98.5253,,,,
3FCA-HQA,2.182,3.497,-1.315,,1A2U-BUC,-34.884,-15.682,-19.202,,1A3T-EFC,10.866,110.601,2.431,76.75,-99.735,-74.319,-92.1102,,,,
4RV3-PF5,2.486,3.466,-0.98,,1A3T-EFC,-27.098,-9.24,-17.858,,1A2T-CME,13.758,117.4,17.787,78.431,-103.642,-60.644,-90.7426,,,,
5LKY-P9S,3.033,3.803,-0.77,,4XS7-OAS,-368.442,-355.109,-13.333,,3FCA-HQA,16.056,33.98,0.748,172.983,-17.924,-172.235,-64.2173,,,,
1A2T-CME,1.797,2.294,-0.497,,4GES-0WZ,279.992,291.199,-11.207,,4XS7-OAS,6.603,2.017,8.019,77.881,4.586,-69.862,-17.7484,,,,
4XS7-OAS,1.388,1.709,-0.321,,1A2T-CME,-89.321,-81.614,-7.707,,4BN1-TPO,21.145,35.245,9.892,24.418,-14.1,-14.526,-14.2278,,,,
4HWL-4AF,2.474,2.79,-0.316,,4BN1-TPO,267.549,274.216,-6.667,,2NUC-SCS,0.968,4.292,5.824,27.623,-3.324,-21.799,-8.8665,,,,
4BN1-TPO,1.66,1.845,-0.185,,2NUC-SCS,-9.674,-3.426,-6.248,,4S0I-BIF,4.66,8.043,8.055,13.53,-3.383,-5.475,-4.0106,,,,
1A2U-BUC,1.288,1.472,-0.184,,6UDB-DV7,-138.288,-134.922,-3.366,,4HWL-4AF,6.157,4.715,99.071,108.243,1.442,-9.172,-1.7422,,,,
6UDB-DV7,2.796,2.803,-0.007,,4HWL-4AF,-313.291,-310.661,-2.63,,4IWW-BP5,0.685,0.628,177.981,178.347,0.057,-0.366,-0.0699,,,,
4IWW-BP5,4.448,4.448,0,,4IWW-BP5,-25.882,-23.257,-2.625,,6UDB-DV7,3.615,5.818,12.723,3.346,-2.203,9.377,1.271,,,,
1AEX-SCH,0.321,0.279,0.042,,1AEX-SCH,10.97,13.022,-2.052,,1AEX-SCH,11.412,6.114,3.446,4.556,5.298,-1.11,3.3756,,,,
2NUC-SCS,0.835,0.724,0.111,,5MZ7-AZH,-140.622,-139.216,-1.406,,5MZ7-AZH,31.889,2.468,21.911,50.847,29.421,-28.936,11.9139,,,,
4S0I-BIF,1.826,1.55,0.276,,4AH7-KPI,-231.248,-239.324,8.076,,4AH7-KPI,54.056,15.263,10.11,11.6,38.793,-1.49,26.7081,,,,
1A3U-C6C,2.324,1.439,0.885,,1A3U-C6C,76.276,64.105,12.171,,6AT0-M3L,65.527,6.709,1.468,5.184,58.818,-3.716,40.0578,,,,
4AH7-KPI,2.291,1.37,0.921,,6AT0-M3L,-84.653,-98.71,14.057,,1A3U-C6C,132.04,22.786,105.972,52.05,109.254,53.922,92.6544,,,,
6AT0-M3L,2.868,1.26,1.608,,5LKY-P9S,-247.664,-606.611,358.947,,1A2U-BUC,134.101,5.455,174.679,26.178,128.646,148.501,134.6025,,,,
